{
  "natural":{"espresso":{"alpha":0.12,"rorStart":12.0,"rorEnd":3.5,"firstCrackBT":196,"dropBT":208},
             "filter":{"alpha":0.14,"rorStart":11.0,"rorEnd":3.0,"firstCrackBT":195,"dropBT":204},
             "both":{"alpha":0.13,"rorStart":11.5,"rorEnd":3.2,"firstCrackBT":195,"dropBT":206}},
  "honey":{"espresso":{"alpha":0.11,"rorStart":11.5,"rorEnd":3.4,"firstCrackBT":196,"dropBT":207},
           "filter":{"alpha":0.13,"rorStart":10.5,"rorEnd":3.0,"firstCrackBT":195,"dropBT":203},
           "both":{"alpha":0.12,"rorStart":11.0,"rorEnd":3.2,"firstCrackBT":195,"dropBT":205}},
  "anaerobico":{"espresso":{"alpha":0.10,"rorStart":11.0,"rorEnd":2.8,"firstCrackBT":197,"dropBT":210},
                "filter":{"alpha":0.12,"rorStart":10.2,"rorEnd":2.5,"firstCrackBT":196,"dropBT":206},
                "both":{"alpha":0.11,"rorStart":10.6,"rorEnd":2.7,"firstCrackBT":196,"dropBT":208}},
  "levadura":{"espresso":{"alpha":0.11,"rorStart":11.2,"rorEnd":3.0,"firstCrackBT":196,"dropBT":208},
              "filter":{"alpha":0.13,"rorStart":10.5,"rorEnd":2.9,"firstCrackBT":195,"dropBT":204},
              "both":{"alpha":0.12,"rorStart":10.8,"rorEnd":3.0,"firstCrackBT":195,"dropBT":206}},
  "lavado":{"espresso":{"alpha":0.12,"rorStart":10.8,"rorEnd":3.2,"firstCrackBT":194,"dropBT":203},
            "filter":{"alpha":0.14,"rorStart":10.0,"rorEnd":2.8,"firstCrackBT":193,"dropBT":200},
            "both":{"alpha":0.13,"rorStart":10.4,"rorEnd":3.0,"firstCrackBT":193,"dropBT":201}}
}